Accuracy,Precision,Recall,F1 Score
0.9654711517041658,0.9661390758170677,0.9654711517041658,0.9657438302081894
